chapter,word,translate,phonetic,example,example_translate
C4,cities,n. 城市；“city”的复数；,ˈsɪtɪz,Many cities have busy streets and tall buildings.,许多城市都有繁忙的街道和高楼。
C4,environment,n. 环境,ɪnˈvaɪrənmənt,He protects the environment by recycling.,他通过回收利用来保护环境。
C4,windy,adj. 多风的；有风的；,ˈwɪndi,It is a windy day today.,今天是多风的一天。
C4,humid,adj. 湿润的；潮湿的；,ˈhjuːmɪd,The air feels humid after it rains.,雨后空气感觉湿润。
C4,shady,adj. 背阴的；阴凉的；,ˈʃeɪdi,The shady spot under the tree is cool.,树下的背阴处很凉爽。
C4,shaded,v. 遮蔽；“shade”的过去式和过去分词；,ˈʃeɪdɪd,The tree shaded the bench from the sun.,这棵树遮蔽了长椅，使其免受阳光照射。
C4,dangerous,adj. 危险的,ˈdeɪndʒərəs,The river is dangerous for children.,这条河对孩子来说很危险。
C4,leaves,n. 叶；叶片；“leaf”的复数； v. 留下；离开；离去；,liːvz,The tree loses its leaves in autumn.,这棵树在秋天落叶。
C4,ground,n. 地面；土地；场地；根据； v. 磨碎；“grind”的过去式和过去分词；,ɡraʊnd,The children are playing on the ground.,孩子们在地面上玩耍。
C4,considerably reduce,adv. + v. 大大地减少；显著地降低,kənˌsɪdərəbli rɪˈdjuːs,The new machine can considerably reduce the time needed.,这台新机器可以大大减少所需的时间。
C4,decrease,"n. 减少；
v. 减少；降低；",dɪˈkriːs,There was a decrease in rainfall last month.,上个月降雨量减少了。
C4,filter,"v. 过滤；
n. 过滤器；",ˈfɪltə(r),She filters the water before drinking it.,她在喝水之前过滤水。
C4,low,"adj. 低沉的；低垂的；
adv. 低；低矮；在低处；往下地；",ləʊ,He spoke in a low voice to avoid waking the baby.,他用低沉的声音说话，以免吵醒婴儿。
C4,space,"n. 空间；太空；空格；
v. 以一定间隔排列；",speɪs,The room has enough space for a bed and a desk.,这个房间有足够的空间放一张床和一张书桌。
C4,room,n. 房间；空间；,ruːm,The room has a bed and a window.,这个房间有一张床和一扇窗户。
C4,mass media,phrase. 大众传播媒介,ˌmæs ˈmiːdiə,The mass media shows news every day.,大众媒体每天播放新闻。
C4,academic circle,phrase. 学术界,ˌækəˈdemɪk ˈsɜːk(ə)l,He is popular in the academic circle.,他在学术圈里很受欢迎。
C4,researcher,n. 研究员,rɪˈsɜːtʃə(r),The researcher studies how plants grow.,这位研究人员研究植物是如何生长的。
C4,Knowledge,n. 知识；了解；学问；学识；,ˈnɒlɪdʒ,He gained knowledge from reading books.,他通过读书获得了知识。
C4,unaware,adj. 没意识到的；不知道的；,ˌʌnəˈweə(r),He was unaware of the rain until he got wet.,他直到被淋湿了才意识到下雨了。
C4,individual customer,n. 个人客户；个体消费者,ˌɪndɪˈvɪdʒuəl ˈkʌstəmə(r),The store serves each individual customer with care.,商店用心服务每一位顾客。
C4,illegal profit,phrase. 非法利润,ɪˈliːɡl ˈprɒfɪt,He made illegal profit by selling fake goods.,他通过销售假冒商品获得非法利润。
C4,questionnaire,n. 问卷；调查表；,ˌkwestʃəˈneə(r),The teacher gave us a questionnaire about our habits.,老师给了我们一份关于我们习惯的问卷。
C4,approximately,adv. 大约；大概；,əˈprɒksɪmətli,The trip takes approximately 30 minutes.,这段旅程大约需要30分钟。
C4,education,n. 教育,ˌedʒuˈkeɪʃ(ə)n,He values education very much.,他非常重视教育。
C4,residence,n. 住所；,ˈrezɪdəns,His residence is near the park.,他的住所靠近公园。
C4,living quarter,n. 居住区,/ˈlɪvɪŋ ˈkwɔːtə/,The workers live in a small living quarter near the site.,工人们住在工地附近的一个小住宿区里。
C4,traffic,n. 交通；流量；,ˈtræfɪk,The traffic on the highway was very heavy this morning.,今天早上高速公路上的交通非常拥堵。
C4,parking,n. （车辆等的）停放；停车场所；停车位； v. “park”的现在分词；,ˈpɑːkɪŋ,There is no parking near the school.,学校附近没有停车的地方。
C4,lecture room,n. 教室；讲堂；演讲厅,ˈlektʃə rʊm,The students went to the lecture room at 9 a.m.,学生们早上九点去了教室。
C4,lecture hall,n. 大讲堂；阶梯教室,ˈlɛktʃə hɔːl,The students walk to the lecture hall for class.,学生们走向礼堂上课。
C4,lecture theatre,phrase. 阶梯教室,ˈlektʃə θɪətə(r),The students went to the lecture theatre for biology class.,学生们去讲堂上生物课。
C4,choice of facilities,n. 设施的选择；可选用的设施选项,tʃɔɪs əv fəˈsɪlɪtiːz,The choice of facilities at the new gym is excellent.,新健身房的设施选择非常好。
C4,tail,n. 尾巴；,teɪl,The dog wagged its tail happily.,狗开心地摇着尾巴。
C4,floor,n. 楼层；地面；地板；,flɔː(r),My room is on the third floor.,我的房间在三楼。
C4,bed,n. 床；底；,bed,He sleeps on a soft bed.,他睡在一张柔软的床上。
C4,bottom,n. 底部；底面；尽头；,ˈbɒtəm,The book fell to the bottom of the shelf.,书掉到了架子的底部。
C4,sense of smell,n. 嗅觉；闻气味的能力,sens əv smel,Dogs have a strong sense of smell.,狗有很强的嗅觉。
C5,politics,n. 政治；政治学；,ˈpɒlətɪks,He is interested in politics.,他对政治感兴趣。
C5,learn,v. 学习；得知；,lɜːn,I learn English every day.,我每天学习英语。
C5,children's education,n. 儿童教育,/ˈtʃɪl.drənz ˌed.jʊˈkeɪ.ʃən/,Parents care about children's education.,父母关心孩子的教育。
C5,car,n. 小汽车,kɑː(r),He drives a red car to work.,他开车去上班。
C5,nursing care,phrase. 护理,ˈnɜːsɪŋ keə(r),The nurse provides nursing care to the old man every day.,护士每天为这位老人提供护理。
C5,crisis,n. 危机；危急关头；,ˈkraɪsɪs,The country is facing an economic crisis.,这个国家正面临经济危机。
C5,early twenties,n. 二十出头的年龄阶段，通常指20到24岁之间,ˈɜːli ˈtwentiz,He moved to New York in his early twenties.,他在二十岁出头时搬到了纽约。
C5,confidence,n. 信心；信任；,ˈkɒnfɪdəns,He spoke with confidence during the presentation.,他在演讲时充满信心。
C5,money management,phrase. 金钱管理,ˈmʌni ˈmænɪdʒmənt,He learns money management from his dad.,他从他爸爸那里学习理财。
C5,low-risk investment,phrase. 低风险投资,ləʊ rɪsk ɪnˈvestmənt,He chose a low-risk investment to save for retirement.,他选择了一种低风险投资来为退休储蓄。
C5,desert,n. 沙漠；荒漠；,ˈdezət,The camel walks across the desert.,骆驼穿越沙漠。
C5,science,n. 科学,ˈsaɪəns,He loves science and reads books about it.,他喜欢科学，经常读关于它的书。
C5,hospital,n. 医院,ˈhɒspɪt(ə)l,He went to the hospital because he felt sick.,他因为感觉不舒服去了医院。
C5,ship,"n. 船；舰；
v. 装运；",ʃɪp,The ship sailed across the ocean.,船驶过了海洋。
C5,Platform,n. 平台；站台；月台；,ˈplætfɔːm,The teacher stood on the platform to speak.,老师站在平台上讲话。
C5,ocean currents,phrase. 洋流,ˈəʊʃ(ə)n ˈkʌrənts,Ocean currents move warm water across the sea.,洋流将暖水输送到海洋各处。
C5,pollution,n. 污染；,pəˈluːʃ(ə)n,The river is dirty because of pollution.,这条河因为污染而变得肮脏。
C5,young,adj. 年轻的；年幼的；,jʌŋ,The young boy plays soccer every afternoon.,这个年轻的孩子每天下午都踢足球。
C5,incineration plant,phrase. 焚烧车间；焚化厂,ɪnˌsɪnəˈreɪʃ(ə)n plɑːnt,The incineration plant burns trash to make energy.,焚烧车间焚烧垃圾以产生能源。
C5,drop-off,phrase. 急剧下降,ˈdrɒp ɒf,The sales had a sudden drop-off last month.,上个月销售额急剧下降。
C5,cooking,n. 烹饪； adj. 烹调用的； v. 烹饪；“cook”的现在分词；,ˈkʊkɪŋ,Cooking is her favorite hobby.,烹饪是她最喜欢的爱好。
C5,road,n. 道路；公路；,rəʊd,The road is long and quiet.,这条路又长又安静。
C5,soil conditioner,phrase. 土壤改良剂,sɔɪl kənˈdɪʃənə(r),He uses soil conditioner to help plants grow.,他使用土壤改良剂来帮助植物生长。
C5,container,n. 容器；集装箱；,kənˈteɪnə(r),She put the apples in a plastic container.,她把苹果放进了一个塑料容器里。
C5,pencil,n. 铅笔,ˈpens(ə)l,He uses a pencil to write his name.,他用铅笔写自己的名字。
C5,business card,n. 名片,ˈbɪznəs kɑːd,He gave me his business card.,他给了我他的名片。
C6,feed,"v. 喂；吃；
n. 饲养；喂养；",fiːd,She feeds the cat every morning.,她每天早上喂猫。
C6,metal,n. 金属,ˈmet(ə)l,He found a piece of metal in the garden.,他在花园里发现了一块金属。
C6,leather,n. 皮革,ˈleðə(r),He bought a leather jacket for winter.,他冬天买了一件皮夹克。
C6,restriction,n. 限制；,rɪˈstrɪkʃ(ə)n,There is a restriction on smoking in this building.,这栋楼里禁止吸烟。
C6,ship,"n. 船；舰；
v. 装运；",ʃɪp,The ship sailed across the ocean.,船驶过了海洋。
C6,England,n. 英格兰；英国；,ˈɪŋɡlənd,He was born in England.,他出生在英格兰。
C6,built,v. 建筑；建造；“build”的过去式和过去分词；,bɪlt,They built a house last year.,他们去年建了一栋房子。
C6,poverty,n. 贫困；,ˈpɒvəti,Many children suffer from poverty in poor countries.,许多孩子在贫穷国家遭受贫困。
C6,great train robbery,n. 大火车抢劫案；指1963年发生在英国的一起著名火车抢劫事件,ɡreɪt treɪn ˈrɒbəri,The great train robbery happened in 1963.,大火车抢劫案发生在1963年。
C6,sound effect,phrase. 音效,ˈsaʊnd ɪfekt,The movie has a loud sound effect.,这部电影有一个很大的音效。
C6,poor sound quality,n. 音质差；声音质量不佳,pɔː(r) saʊnd ˈkwɒləti,The phone has poor sound quality.,这部手机的音质很差。
C6,people,n. 人们；人；人民；,ˈpiːp(ə)l,People like to walk in the park on weekends.,人们喜欢在周末去公园散步。
C6,water,"n. 水；
v. 给…浇水；给（某地）供水；",ˈwɔːtə(r),She drinks water every morning.,她每天早上喝水。
C6,sand,n. 沙；,sænd,The children built a castle in the sand.,孩子们在沙子里建了一座城堡。
C6,Scotland,n. 苏格兰,ˈskɒtlənd,He lives in Scotland.,他住在苏格兰。
C6,outside,"prep. 在...外；
n. 外面；外边；外部；
adv. 在外面；
adj. 外面的；外界的；",ˌaʊtˈsaɪd,The cat is sitting outside the house.,猫坐在房子外面。
C6,local,adj. 本地的；,ˈləʊk(ə)l,He bought fresh vegetables from the local market.,他从本地市场买了新鲜蔬菜。
C6,top,"n. 顶；顶部；顶端；
adj. 最高的；极棒的；
v. 胜过；超过；",tɒp,The top of the mountain is covered with snow.,山顶上覆盖着雪。
C6,disease,n. 疾病；,dɪˈziːz,The doctor treated his disease with medicine.,医生用药物治疗了他的疾病。
C6,wealthy prince,phrase. 富有的王子,ˈwelθi prɪns,The wealthy prince lives in a big castle.,这位富有的王子住在一座大城堡里。
C6,diet,"n. 日常饮食；节食；
v. 节制饮食；",ˈdaɪət,His diet includes lots of vegetables and fruits.,他的日常饮食包括大量蔬菜和水果。
C6,attack human,动词短语，攻击人类,əˈtæk ˈhjuːmən,The robot was programmed not to attack human.,这个机器人被编程为不攻击人类。
C6,leadership,n. 领导才能；领导地位；,ˈliːdəʃɪp,His leadership helped the team win the match.,他的领导才能帮助团队赢得了比赛。
C7,April,n. 四月,ˈeɪprəl,She was born in April.,她出生于四月。
C7,children,n. 儿童；小孩；“child”的复数；,ˈtʃɪldrən,The children are playing in the park.,孩子们正在公园里玩耍。
C7,repeated,v. 重复；“repeat”的过去式和过去分词； adj. 重复的；反复发生的；,rɪˈpiːtɪd,He repeated the words after the teacher.,他跟着老师重复了这些话。
C7,human,"adj. 人的；人类的；
n. 人；人类；",ˈhjuːmən,Human emotions are complex and powerful.,人的情感复杂而强大。
C7,magic,"n. 魔术；魔法；
adj. 魔术（似）的；神奇的；",ˈmædʒɪk,He performed magic at the birthday party.,他在生日聚会上表演了魔术。
C7,distance,n. 距离；远处；,ˈdɪstəns,The distance between the two towns is 10 kilometers.,两个城镇之间的距离是10公里。
C7,culture,n. 文化；培养；,ˈkʌltʃə(r),She loves learning about different cultures.,她喜欢了解不同的文化。
C7,fire,"n. 火；
v. 射击；开火；",ˈfaɪə(r),The fire burned brightly in the fireplace.,火在壁炉里熊熊燃烧。
C7,touching,v. 触摸；接触；“touch”的现在分词；,ˈtʌtʃɪŋ,He touched the flower gently.,他轻轻触摸了那朵花。
C7,intact,adj. 完整无缺的；,ɪnˈtækt,The vase remained intact after the fall.,花瓶从高处摔下后依然完整无缺。
C7,direction,n. 方向；指导；指示；,dəˈrekʃ(ə)n,He asked for the direction to the station.,他问了去车站的方向。
C7,confident,adj. 自信的；确信的；,ˈkɒnfɪdənt,He is confident when he speaks in front of the class.,他在全班面前说话时很自信。
C7,vision,n. 想象；视力；视野；,ˈvɪʒ(ə)n,He has a vision of a world without war.,他想象一个没有战争的世界。
C7,correction,n. 改正；修正；,kəˈrekʃ(ə)n,He made a correction to his answer.,他改正了他的答案。
C7,balance,"n. 平衡；天平；秤；
v. （使）相抵；（使）平衡；",ˈbæləns,She maintains a good balance between work and rest.,她在工作和休息之间保持良好的平衡。
C7,business,n. 生意；商业；事务；,ˈbɪznəs,He runs a small business selling bread.,他经营一家卖面包的小生意。
C7,kitchen,n. 厨房,ˈkɪtʃɪn,She cooks dinner in the kitchen.,她在厨房里做晚饭。
C7,world,n. 世界,wɜːld,He loves the world and wants to travel everywhere.,他热爱这个世界，想要去所有地方旅行。
C7,escape,"v. 逃避；逃走；
n. 逃脱；逃避；",ɪˈskeɪp,He tried to escape from the prison.,他试图逃离监狱。
C7,baby,n. 婴儿；宝贝；,ˈbeɪbi,The baby is sleeping in the crib.,婴儿正在婴儿床里睡觉。
C7,chocolate,n. 巧克力；,ˈtʃɒklət,He ate a piece of chocolate after dinner.,他晚饭后吃了一块巧克力。
C7,meat,n. 肉,miːt,He eats meat every day.,他每天吃肉。
C7,cheese,n. 奶酪,tʃiːz,He eats cheese every morning.,他每天早上吃奶酪。
C7,new taste,n. 新口味；新品味；新体验,/njuː teɪst/,He tried a new taste of ice cream.,他尝了一种新的冰淇淋口味。
C7,common,adj. 常见的；普通的；共有的；,ˈkɒmən,Colds are a common illness in winter.,感冒在冬天是很常见的疾病。
C7,bitterness,n. 苦味；,ˈbɪtənəs,The coffee had a strong bitterness.,这杯咖啡有很重的苦味。
C7,mineral,n. 矿物；矿物质；,ˈmɪnərəl,Rock contains many minerals.,岩石中含有许多矿物。
C8,surface,"n. 表面；
v. 显露；",ˈsɜːfɪs,The surface of the table is smooth.,桌子的表面很光滑。
C8,environment,n. 环境,ɪnˈvaɪrənmənt,He protects the environment by recycling.,他通过回收利用来保护环境。
C8,impact,"n. 影响力；冲击（力）；
v. 对…产生影响；",ˈɪmpækt,The new law had a big impact on education.,这项新法律对教育产生了重大影响。
C8,effect,n. 影响；作用；效果；效应；,ɪˈfekt,The new law had a big effect on traffic.,新法律对交通产生了很大影响。
C8,urban,adj. 城市的；都市的；,ˈɜːbən,The urban area has many tall buildings.,这个城市地区有许多高楼。
C8,problems,n. 问题；“problem”的复数；,ˈprɒbləmz,He has many problems with math.,他在数学上有很多问题。
C8,images,n. 照片；景象；“image”的复数；,ˈɪmɪdʒz,He showed me his images from the trip.,他给我看了他旅行时拍的照片。
C8,patterns,n. 模式；图案；“pattern”的复数；,ˈpæt(ə)nz,The children noticed patterns in the tiles on the floor.,孩子们注意到了地板瓷砖上的模式。
C8,distortion,n. 扭曲；歪曲；失真；畸变；,dɪˈstɔːʃ(ə)n,The photo showed distortion in the lines.,这张照片中的线条出现了扭曲。
C8,traffic,n. 交通；流量；,ˈtræfɪk,The traffic on the highway was very heavy this morning.,今天早上高速公路上的交通非常拥堵。
C8,weather,n. 天气；,ˈweðə(r),The weather is sunny today.,今天天气晴朗。
C8,combinations,n. 合作；组合；,ˌkɒmbɪˈneɪʃnz,The two companies made combinations to develop new technology.,两家公司合作开发新技术。
C8,system,n. 系统；体系；,ˈsɪstəm,The school has a new grading system.,学校有一个新的评分系统。
C8,safety,n. 安全；平安；,ˈseɪfti,Wearing a helmet improves your safety.,戴头盔能提高你的安全。
C8,attitude,n. 态度；看法；姿态；,ˈætɪtjuːd,His attitude toward homework is very positive.,他对作业的态度非常积极。
C8,control,"n. 控制；管制；
v. 控制；操纵；",kənˈtrəʊl,The teacher has good control of the class.,老师对课堂有很好的控制。
C8,factory,n. 工厂；制造厂；,ˈfæktəri,The factory makes cars.,这家工厂生产汽车。
C8,skill,n. 技能；技巧；,skɪl,He learned cooking skill from his mother.,他从妈妈那里学到了烹饪技能。
C8,animal,n. 动物,ˈænɪm(ə)l,The animal is sleeping in the forest.,这只动物正在森林里睡觉。
C8,creature,n. 生物；动物；,ˈkriːtʃə(r),The creature lived in the forest.,这个生物生活在森林里。
C8,sea,n. 海；海洋；,siː,The fish swim in the sea.,鱼在海里游泳。
C8,water level,phrase. 水位,ˈwɔːtə lev(ə)l,The water level is rising fast.,水位正在迅速上升。
C8,hunting,n. 打猎；寻找； v. “hunt”的现在分词；,ˈhʌntɪŋ,Hunting is popular in some rural areas.,打猎在一些农村地区很流行。
C8,creation,n. 创造物；创作；,kriˈeɪʃ(ə)n,The painting is a beautiful creation of the artist.,这幅画是艺术家的一个美丽作品。
C9,tide,n. 潮汐；潮流；,taɪd,The tide comes in every twelve hours.,潮汐每十二小时涨一次。
C9,hearing,n. 听力；听觉； v. 听；听见；“hear”的现在分词；,ˈhɪərɪŋ,His hearing is getting worse with age.,他的听力随着年龄增长而变差。
C9,ear,n. 耳朵,ɪə(r),He hurt his ear while playing soccer.,他在踢足球时伤了耳朵。
C9,plant,"n. 植物；工厂；发电厂；装置；
v. 种植；栽培；",plɑːnt,The plant grows near the window.,这株植物长在窗边。
C9,animals,n. 动物；“animal”的复数；,ˈænɪm(ə)lz,The children love to see animals at the zoo.,孩子们喜欢在动物园看动物。
C9,Fishes,n. 鱼；“fish”的复数；,ˈfɪʃɪz,The pond has many fishes.,池塘里有很多鱼。
C9,feeding,v. 吃；喂；“feed”的现在分词； n. 饲养；给食；,ˈfiːdɪŋ,The baby is feeding on milk.,婴儿正在喝奶。
C9,noise,n. 噪声；噪音；,nɔɪz,The noise from the street kept me awake.,街道上的噪声让我睡不着。
C9,healthy,adj. 健康的；健壮的；,ˈhelθi,She eats healthy food every day.,她每天吃健康的食物。
C9,group,"n. 组；群；集团；
v. （使）形成组；",ɡruːp,The students are in a group of five.,这些学生组成一个五人小组。
C9,social,adj. 社会的；社交的；,ˈsəʊʃ(ə)l,Social problems affect many families.,社会问题影响许多家庭。
C9,leader,n. 领袖；领导者；,ˈliːdə(r),He is a leader who helps his team succeed.,他是一位帮助团队取得成功的领袖。
C9,network,n. 网络；网路；网状物；,ˈnetwɜːk,The internet is a big network of computers.,互联网是一个庞大的计算机网络。
C9,central,adj. 中央的；中心的；,ˈsentrəl,The central park is in the middle of the city.,中央公园位于城市中心。
C9,conversation,n. 谈话；会话；交谈；,ˌkɒnvəˈseɪʃ(ə)n,We had a short conversation about the weather.,我们简短地聊了聊天气。
C9,effectively,adv. 有效地；实际上；,ɪˈfektɪvli,She completed the task effectively.,她有效地完成了任务。
C9,risk,"n. 风险；
v. 冒...的危险；",rɪsk,He took a risk by starting his own business.,他创业时承担了风险。
C9,level,"n. 水平；程度；等级；
adj. 平齐的；
v. 使平坦；",ˈlev(ə)l,His English level is very high.,他的英语水平很高。
C9,description,n. 描述；形容；,dɪˈskrɪpʃ(ə)n,The teacher gave a clear description of the experiment.,老师对实验做了清晰的描述。
C9,technical,adj. 技术的；专业的；,ˈteknɪk(ə)l,He works in a technical department.,他在一个技术部门工作。
C9,change,"n. 变化；变革；
v. 变化；变革；",tʃeɪndʒ,There was a big change in the weather.,天气发生了很大的变化。
C9,responsibility,n. 责任；职责；,rɪˌspɒnsəˈbɪləti,He took responsibility for the mistake.,他承担了这个错误的责任。
C9,flexible,adj. 灵活的；柔韧的；,ˈfleksəb(ə)l,She is flexible with her schedule.,她的日程安排很灵活。
C9,glass,n. 玻璃；玻璃杯；,ɡlɑːs,The window is made of glass.,这扇窗户是玻璃做的。
C9,insulation,n. 绝缘；隔离；,ˌɪnsjuˈleɪʃ(ə)n,The house has good insulation to keep warm in winter.,这所房子有良好的绝缘层以在冬天保暖。
C9,window,n. 窗口；窗户；,ˈwɪndəʊ,She opened the window to let in fresh air.,她打开窗户让新鲜空气进来。
C9,electricity,n. 电力；电学；,ɪˌlekˈtrɪsəti,The town lost electricity during the storm.,风暴期间，这个城镇停电了。
C9,floor,n. 楼层；地面；地板；,flɔː(r),My room is on the third floor.,我的房间在三楼。
C9,waste,"n. 垃圾；废物；浪费；
v. 浪费；白费；糟蹋；
adj. 荒芜的；废弃的；",weɪst,The children threw waste into the bin.,孩子们把垃圾扔进了垃圾桶。
C9,concrete,"n. 混凝土；
adj. 具体的；",ˈkɒŋkriːt,The workers poured concrete to build the foundation.,工人们浇筑混凝土来建造地基。
C9,frog,n. 青蛙,frɒɡ,The frog jumps over the pond.,青蛙跳过池塘。
C9,predator,n. 掠夺者；捕食性动物；食肉动物；,ˈpredətə(r),The lion is a predator that hunts deer.,狮子是一种捕食鹿的掠夺者。
C9,count,"v. 计算；看作；清点；
n. 计数；计算；",kaʊnt,He counts the apples on the table.,他计算桌子上的苹果数量。
C9,seed,"n. 种子；籽；
v. 播种；",siːd,The farmer planted the seed in the soil.,农夫把种子种在土里。
C10,gene,n. 基因,dʒiːn,He has a gene that makes him tall.,他有一个让他长高的基因。
C10,power,"n. 力量；电源；权力；强国；
v. 给…提供能量；供以动力；",ˈpaʊə(r),The power of the storm broke the trees.,风暴的力量折断了树木。
C10,stranger,n. 新来者；陌生人； adj. “strange”的比较级；,ˈstreɪndʒə(r),He is a stranger in this town.,他是这个镇上的新来者。
C10,erosion,n. 腐蚀；侵蚀；,ɪˈrəʊʒ(ə)n,Water causes erosion of the soil.,水会导致土壤腐蚀。
C10,island,n. 岛,ˈaɪlənd,He lives on a small island.,他住在一个小岛上。
C10,road,n. 道路；公路；,rəʊd,The road is long and quiet.,这条路又长又安静。
C10,fishing,n. 钓鱼；捕鱼； v. 钓鱼；捕鱼；“fish”的现在分词；,ˈfɪʃɪŋ,He likes fishing by the lake every weekend.,他喜欢每周末去湖边钓鱼。
C10,reproduction,n. 生殖；繁殖；复制；,ˌriːprəˈdʌkʃ(ə)n,The reproduction of rabbits is very fast.,兔子的生殖速度很快。
C10,method,n. 方法；办法；,ˈmeθəd,He found a new method to solve the problem.,他找到了一种解决这个问题的新方法。
C10,expansion,n. 扩张；扩充；,ɪkˈspænʃ(ə)n,The city's expansion caused more traffic.,城市的扩张导致了更多的交通拥堵。
C10,competition,n. 竞争；比赛；,ˌkɒmpəˈtɪʃ(ə)n,There is strong competition between the two companies.,这两家公司之间竞争激烈。
C10,global,adj. 全球的,ˈɡləʊb(ə)l,The problem is a global issue.,这个问题是一个全球性的问题。
C10,demand,"n. 需求；要求；
v. 要求；需求；",dɪˈmɑːnd,The demand for clean water is increasing.,对清洁水的需求正在增加。
C10,customer,n. 客户；顾客；主顾；,ˈkʌstəmə(r),The customer bought a new phone.,这位客户买了一部新手机。
C10,regulation,n. 管理；条例；规则；,ˌreɡjuˈleɪʃ(ə)n,The government made a new regulation to control pollution.,政府出台了一项新管理措施来控制污染。
C10,project,"n. 计划；方案；项目；课题；
v. 投射；预计；",ˈprɒdʒekt,He presented his school project to the class.,他向全班展示了他的学校计划。
C10,flexible,adj. 灵活的；柔韧的；,ˈfleksəb(ə)l,She is flexible with her schedule.,她的日程安排很灵活。
C10,leadership,n. 领导才能；领导地位；,ˈliːdəʃɪp,His leadership helped the team win the match.,他的领导才能帮助团队赢得了比赛。
C10,women,n. 妇女；女人；“woman”的复数；,ˈwɪmɪn,Women work hard in every field.,妇女在各个领域都努力工作。
C10,self-employed,adj. 自己经营的；个体经营的；非受雇于人的,ˌself ɪmˈplɔɪd,He is self-employed and works from home.,他是自由职业者，在家工作。
C10,achievement,n. 成就；成绩；完成；,əˈtʃiːvmənt,He felt proud of his academic achievement.,他为自己的学业成就感到自豪。
C10,personality,n. 个性；人格；,ˌpɜːsəˈnæləti,His personality is very friendly and outgoing.,他的个性非常友好和外向。
C10,character,n. 性格；人物角色；特点；,ˈkærəktə(r),His character is kind and patient.,他的性格善良且有耐心。
C10,situational,adj. 情景的,ˌsɪtʃuˈeɪʃən(ə)l,He gave a situational answer to the question.,他对这个问题给出了一个情境相关的回答。
C10,friend,n. 朋友,frend,He is my friend.,他是我的朋友。
C10,aspiration,n. 渴望；,ˌæspəˈreɪʃ(ə)n,His aspiration is to become a doctor.,他的渴望是成为一名医生。
C10,ambition,n. 野心；雄心；抱负；,æmˈbɪʃ(ə)n,His ambition is to become a president.,他的野心是成为总统。
C10,style,n. 风格；方式；样式；文体；,staɪl,Her dress has a unique style.,她的裙子有一种独特的风格。
C10,development,n. 发展；开发；,dɪˈveləpmənt,The development of the town took many years.,这个小镇的发展花了许多年。
C10,vision,n. 想象；视力；视野；,ˈvɪʒ(ə)n,He has a vision of a world without war.,他想象一个没有战争的世界。
C10,structure,"n. 结构；建筑物；
v. 组织；",ˈstrʌktʃə(r),The structure of the bridge is very strong.,这座桥的结构非常坚固。
C10,innovation,n. 创新；,ˌɪnəˈveɪʃ(ə)n,The company values innovation in its products.,这家公司重视产品的创新。
C10,metal,n. 金属,ˈmet(ə)l,He found a piece of metal in the garden.,他在花园里发现了一块金属。
C10,space,"n. 空间；太空；空格；
v. 以一定间隔排列；",speɪs,The room has enough space for a bed and a desk.,这个房间有足够的空间放一张床和一张书桌。
C10,memory,n. 记忆力；回忆；,ˈmeməri,His memory is very good; he remembers everything.,他的记忆力很好；他什么都记得。
C10,solar,adj. 太阳的；太阳能的；,ˈsəʊlə(r),The solar panel collects energy from the sun.,太阳能板从太阳收集能量。
C10,oil,n. 油；石油；,ɔɪl,She put oil on the pan before cooking.,她在锅里倒了油再做饭。
C10,waste,"n. 垃圾；废物；浪费；
v. 浪费；白费；糟蹋；
adj. 荒芜的；废弃的；",weɪst,The children threw waste into the bin.,孩子们把垃圾扔进了垃圾桶。
C10,test,"n. 试验；测验；
v. 试验；测试；",test,The scientist ran a test to see if the drug works.,科学家进行了一次试验，以查看这种药物是否有效。
C11,conservation,n. 保护；节约（自然资源）；,ˌkɒnsəˈveɪʃ(ə)n,The park is for the conservation of wild animals.,这个公园是为了保护野生动物。
C11,food,n. 食物,fuːd,He eats healthy food every day.,他每天吃健康的食物。
C11,surface,"n. 表面；
v. 显露；",ˈsɜːfɪs,The surface of the table is smooth.,桌子的表面很光滑。
C11,oxygen,n. 氧气；,ˈɒksɪdʒən,Plants release oxygen into the air.,植物向空气中释放氧气。
C11,mammal,n. 哺乳动物,ˈmæm(ə)l,A dog is a mammal.,狗是一种哺乳动物。
C11,ice,n. 冰；,aɪs,The lake is covered with ice in winter.,冬天湖面结满了冰。
C11,decline,"n. 下降；衰退；
v. 下降；衰退；",dɪˈklaɪn,There was a sharp decline in sales last month.,上个月销售额大幅下降。
C11,decrease,"n. 减少；
v. 减少；降低；",dɪˈkriːs,There was a decrease in rainfall last month.,上个月降雨量减少了。
C11,map,n. 地图,mæp,He uses a map to find the way.,他用地图找路。
C11,migration,n. 迁移；迁徙；转移；,maɪˈɡreɪʃ(ə)n,Birds begin migration in autumn.,鸟类在秋天开始迁徙。
C11,consumption,n. 消耗；消费；,kənˈsʌmpʃ(ə)n,The consumption of water has increased this year.,今年水的消耗量增加了。
C11,social,adj. 社会的；社交的；,ˈsəʊʃ(ə)l,Social problems affect many families.,社会问题影响许多家庭。
C11,factory,n. 工厂；制造厂；,ˈfæktəri,The factory makes cars.,这家工厂生产汽车。
C11,canal,n. 运河；沟渠；,kəˈnæl,The boat travels through the canal.,船通过运河航行。
C11,bridge,n. 桥；桥梁；,brɪdʒ,The bridge crosses the river.,这座桥横跨河流。
C11,box,n. 箱子；盒子；,bɒks,He put the books in a box.,他把书放进了一个箱子里。
C11,screen,"n. 屏幕；屏风；掩蔽物；
v. 筛查；掩蔽；",skriːn,The movie is playing on the screen.,电影正在屏幕上播放。
C11,rubber,n. 橡胶；,ˈrʌbə(r),The boy picked up a piece of rubber from the floor.,男孩从地上捡起一块橡胶。
C11,curved,adj. 呈弯曲状的；弧形的； v. （使）弯成弧形；“curve”的过去式和过去分词；,kɜːvd,The road is curved around the hill.,这条路沿着山呈弯曲状。
C11,curtain,n. 帷幕；窗帘；,ˈkɜːt(ə)n,She pulled the curtain to block the sunlight.,她拉上帷幕以挡住阳光。
C11,international,adj. 国际的,ˌɪntəˈnæʃnəl,He works for an international company.,他在一家国际公司工作。
C11,number,n. 数字；号码；,ˈnʌmbə(r),The number on the door is 5.,门上的数字是5。
C11,time,"n. 时间；时期；次数；
v. 计时；安排时间；",taɪm,I don't have time to finish my homework.,我没有时间完成作业。
C11,software,n. 软件,ˈsɒftweə(r),He uses software to write his homework.,他使用软件写作业。
C11,patient,"n. 病人；
adj. 有耐心的；",ˈpeɪʃ(ə)nt,The doctor helped the patient feel better.,医生帮助病人感觉好些了。
C11,emotion,n. 情绪；情感；,ɪˈməʊʃ(ə)n,He showed strong emotion when he heard the news.,当他听到这个消息时，表现出了强烈的情绪。
C11,feeling,n. 感觉； v. 感到；“feel”的现在分词；,ˈfiːlɪŋ,I have a feeling it will rain tomorrow.,我感觉明天会下雨。
C11,income,n. 收入；收益；所得；,ˈɪnkʌm,His income is enough to pay for rent and food.,他的收入足以支付房租和食物。
C11,comfortable,adj. 舒适的；安逸的；,ˈkʌmfətəb(ə)l,This chair is very comfortable.,这把椅子非常舒适。
C11,observation,n. 观察；观测；注意；监视；(观察后的）意见；,ˌɒbzəˈveɪʃ(ə)n,The scientist made an observation about the bird's behavior.,科学家对这只鸟的行为进行了观察。
C11,analysis,n. 分析,əˈnæləsɪs,He did an analysis of the data.,他对数据进行了分析。
C11,dry,"adj. 干的；
v. 变干；",draɪ,The cloth is dry after the sun.,这块布在阳光下晒干了。
C11,hard,"adj. 困难的；坚硬的；费劲的；
adv. 努力地；",hɑːd,This math problem is hard.,这个数学题很难。
C11,sugar,n. 糖；食糖；,ˈʃʊɡə(r),He put sugar in his tea.,他把糖放进茶里。
C11,root,"n. 根；根源；
v. 生根；",ruːt,The root of 9 is 3.,9的平方根是3。
C11,moist,adj. 潮湿的；湿润的；,mɔɪst,The soil is moist after the rain.,雨后土壤是潮湿的。
C11,damp,adj. 潮湿的；,dæmp,The ground is damp after the rain.,雨后地面是潮湿的。
C11,wet,adj. 湿的；,wet,The ground is wet after the rain.,雨后地面是湿的。
C11,variety,n. （同一事物）不同种类；多样性；（动植物的）品种；变化；,vəˈraɪəti,The store sells a variety of apples.,这家商店出售各种各样的苹果。
C11,cattle,n. 牛；牛（复数名词）；,ˈkæt(ə)l,The farmer feeds his cattle every morning.,农夫每天早上喂他的牛。
C11,garden,n. 花园；,ˈɡɑːd(ə)n,She plants flowers in her garden.,她在花园里种花。
C11,grass,n. 草；草地；,ɡrɑːs,The children play on the grass after school.,孩子们放学后在草地上玩耍。
C11,payment,n. 支付；报酬；,ˈpeɪmənt,He made the payment online.,他在线支付了。
C11,money,n. 钱；金钱；,ˈmʌni,He saved money to buy a bike.,他存钱买一辆自行车。
C12,damage,"n. 损害；破损；
v. 损害；破坏；",ˈdæmɪdʒ,The storm caused serious damage to the house.,风暴对房屋造成了严重损害。
C12,side effect,phrase. 副作用,ˈsaɪd ɪfekt,The medicine has a side effect of dizziness.,这种药有头晕的副作用。
C12,bridge,n. 桥；桥梁；,brɪdʒ,The bridge crosses the river.,这座桥横跨河流。
C12,confusion,n. 困惑；混乱；混淆；,kənˈfjuːʒ(ə)n,He felt confusion when the teacher gave a strange question.,当老师提出一个奇怪的问题时，他感到困惑。
C12,smartphone,n. 智能手机,ˈsmɑːtfəʊn,He uses a smartphone to call his friend.,他用智能手机给朋友打电话。
C12,resource,n. 资源；,rɪˈsɔːs,The school needs more resources for students.,学校需要为学生提供更多的资源。
C12,unnecessary,adj. 不必要的；,ʌnˈnesəsəri,It is unnecessary to bring an umbrella today.,今天带伞是不必要的。
C12,chocolate bar,n. 巧克力棒；巧克力条,ˈtʃɒklət ˈbɑː(r),He ate a chocolate bar after lunch.,他午饭后吃了一块巧克力棒。
C12,problem,n. 难题；问题；,ˈprɒbləm,This math problem is very hard.,这道数学难题很难。
C12,market share,phrase. 市场交易额；市场份额；市场占有率,ˌmɑːkɪt ˈʃeə(r),The company increased its market share by lowering prices.,这家公司通过降价增加了市场交易额。
C12,bullying,v. 欺负；“bully”的现在分词；,ˈbʊliɪŋ,He is bullying his little brother.,他正在欺负他的弟弟。
C12,superiority,n. 优越；优势；,suːˌpɪəriˈɒrəti,His superiority in math helped him win the contest.,他在数学上的优越让他赢得了比赛。
C12,personality,n. 个性；人格；,ˌpɜːsəˈnæləti,His personality is very friendly and outgoing.,他的个性非常友好和外向。
C12,structural,adj. 结构（或构造）上的,ˈstrʌktʃərəl,The bridge has a strong structural design.,这座桥有坚固的结构设计。
C12,absence,n. 缺乏；缺席；,ˈæbsəns,His absence of interest made the teacher sad.,他缺乏兴趣让老师感到难过。
C12,vision,n. 想象；视力；视野；,ˈvɪʒ(ə)n,He has a vision of a world without war.,他想象一个没有战争的世界。
C12,democratic,adj. 民主的,ˌdeməˈkrætɪk,He votes in a democratic election.,他在民主选举中投票。
C12,respect,n. 方面；尊重；尊敬,v. 遵从,rɪˈspekt,"In many respects, this new phone is better than the old one.",在许多方面，这部新手机比旧的好。
C12,mediator,n. 调解人；中间人；,ˈmiːdieɪtə(r),The mediator helped the two sides reach an agreement.,调解人帮助双方达成了协议。
C12,insect,n. 昆虫,ˈɪnsekt,The insect flew over the grass.,那只昆虫飞过了草地。
C12,behavior,n. 举止；表现；,bɪˈheɪvjə(r),His behavior at the party was very polite.,他在派对上的举止非常礼貌。
C12,father,n. 父亲；爸爸；,ˈfɑːðə(r),My father cooks breakfast every morning.,我父亲每天早上做早餐。
C12,complex,"adj. 复杂的；
n. 综合楼（群）；",ˈkɒmpleks,The instructions are too complex for children.,这些说明对孩子来说太复杂了。
C12,complicated,adj. 复杂的,ˈkɒmplɪkeɪtɪd,The math problem is complicated.,这个数学问题很复杂。
C12,reproduction,n. 生殖；繁殖；复制；,ˌriːprəˈdʌkʃ(ə)n,The reproduction of rabbits is very fast.,兔子的生殖速度很快。
C12,breeding,n. 繁殖；饲养； v. “breed”的现在分词；,ˈbriːdɪŋ,The farm focuses on cattle breeding.,这个农场专注于牛的繁殖。
C12,control,"n. 控制；管制；
v. 控制；操纵；",kənˈtrəʊl,The teacher has good control of the class.,老师对课堂有很好的控制。
C12,duck,n. 鸭；,dʌk,The duck swims in the pond.,鸭子在池塘里游泳。
C12,language,n. 语言,ˈlæŋɡwɪdʒ,He speaks English as his first language.,他把英语作为第一语言。
C12,food,n. 食物,fuːd,He eats healthy food every day.,他每天吃健康的食物。
C12,cost,"n. 费用；代价；
v. 花费；",kɒst,The cost of the book is ten dollars.,这本书的费用是十美元。
C12,price,n. 价格；代价；,praɪs,The price of bread is too high.,面包的价格太高了。
C12,bill,n. 账单；钞票；议案；,bɪl,I paid the electric bill yesterday.,我昨天付了电费账单。
C12,garden,n. 花园；,ˈɡɑːd(ə)n,She plants flowers in her garden.,她在花园里种花。
C12,political,adj. 政治的；,pəˈlɪtɪk(ə)l,He is interested in political news.,他对政治新闻感兴趣。
C12,work,"n. 工作；活计；作品；制作品；
v. （使）工作；（使）运转；操作；经营；起作用；",wɜːk,He finds his work very meaningful.,他觉得他的工作很有意义。
C12,fountain,n. 喷泉；源泉；,ˈfaʊnt(ə)n,The children play near the fountain in the park.,孩子们在公园的喷泉附近玩耍。
C12,social,adj. 社会的；社交的；,ˈsəʊʃ(ə)l,Social problems affect many families.,社会问题影响许多家庭。
C12,lively,adj. 充满生机的；活泼的；,ˈlaɪvli,The market is lively with people and music.,市场里人来人往，音乐欢快，充满生机。
C12,training,n. 培训；训练；锻炼； v. “train”的现在分词；,ˈtreɪnɪŋ,The company provided free training for new employees.,公司为新员工提供了免费培训。
C12,culture,n. 文化；培养；,ˈkʌltʃə(r),She loves learning about different cultures.,她喜欢了解不同的文化。
C12,nature,n. 本性；自然；,ˈneɪtʃə(r),His nature is kind and patient.,他的本性是善良且有耐心的。
C12,silent,adj. 沉默的；无声的；,ˈsaɪlənt,The children were silent during the movie.,孩子们在看电影时很安静。
C13,crow,n. 乌鸦；,krəʊ,A crow sat on the tree branch.,一只乌鸦坐在树枝上。
C13,cliff,n. 悬崖；,klɪf,The hiker stood at the edge of the cliff.,徒步者站在悬崖边上。
C13,speed,"n. 速度；速率；
v. 加速；加快；",spiːd,The car's speed was too high on the wet road.,汽车在湿滑路面上的速度太快了。
C13,brain,n. 脑；脑力；智力；,breɪn,The brain controls our thoughts and movements.,大脑控制我们的思想和行动。
C13,food,n. 食物,fuːd,He eats healthy food every day.,他每天吃健康的食物。
C13,behavior,n. 举止；表现；,bɪˈheɪvjə(r),His behavior at the party was very polite.,他在派对上的举止非常礼貌。
C13,new,adj. 新的,njuː,He bought a new bike yesterday.,他昨天买了一辆新自行车。
C13,stress,"n. 压力；强调；
v. 着重；强调；",stres,He feels stress from too much work.,他因为工作太多而感到压力。
C13,tail,n. 尾巴；,teɪl,The dog wagged its tail happily.,狗开心地摇着尾巴。
C13,permanent,adj. 永久的；持久的；,ˈpɜːmənənt,He made a permanent change to his lifestyle.,他对自己的生活方式做出了永久的改变。
C13,location,n. 位置；地点；,ləʊˈkeɪʃ(ə)n,The location of the store is near the park.,这家商店的位置在公园附近。
C13,world,n. 世界,wɜːld,He loves the world and wants to travel everywhere.,他热爱这个世界，想要去所有地方旅行。
C13,personal,adj. 个人的；私人的；,ˈpɜːsən(ə)l,This is my personal notebook.,这是我的个人笔记本。
C13,attention,n. 注意；关注；照料；,əˈtenʃ(ə)n,The child needs attention when he does homework.,孩子做作业时需要被关注。
C13,name,"n. 姓名；名称；
v. 说出…的名字；命名；",neɪm,His name is Tom.,他的名字是汤姆。
C13,network,n. 网络；网路；网状物；,ˈnetwɜːk,The internet is a big network of computers.,互联网是一个庞大的计算机网络。
C13,frequency,n. 频率；,ˈfriːkwənsi,The frequency of the radio station is 101.5 MHz.,这个电台的频率是101.5兆赫。
C13,color,n. 颜色；,ˈkʌlə(r),The color of the sky is blue.,天空的颜色是蓝色的。
C13,self,n. 自我；本人；,self,He learned to love his self.,他学会了爱自己。
C13,tongue,n. 语言；舌头；,tʌŋ,He speaks Chinese as his mother tongue.,他把汉语作为母语。
C13,plant,"n. 植物；工厂；发电厂；装置；
v. 种植；栽培；",plɑːnt,The plant grows near the window.,这株植物长在窗边。
C13,snake,n. 蛇；,sneɪk,The snake crawled slowly through the grass.,蛇在草丛中缓慢地爬行。
C13,sky,n. 天空,skaɪ,The sky is blue today.,今天天空是蓝色的。
C13,partner,n. 合伙人；搭档；,ˈpɑːtnə(r),He is my business partner.,他是我的商业合伙人。
C13,contact,"n. 接触；联系；
v. 接触；联系；",ˈkɒntækt,The two balls made contact when they collided.,两个球在碰撞时发生了接触。
C13,protection,n. 保护,prəˈtekʃ(ə)n,The helmet gives protection to his head.,头盔保护他的头部。
C13,step,"n. 步；步骤；踏级；步伐；
v. 踩；踏；行走；",step,He took a small step forward.,他向前迈了一小步。
C13,injury,n. 损伤；伤害；,ˈɪndʒəri,He got an injury while playing soccer.,他在踢足球时受了伤。
C13,destruction,n. 毁灭；引起毁灭的根源；,dɪˈstrʌkʃ(ə)n,The storm caused the destruction of the village.,这场风暴摧毁了村庄。
C13,university,n. 大学,ˌjuːnɪˈvɜːsəti,He goes to university to study engineering.,他上大学学习工程。
C13,political,adj. 政治的；,pəˈlɪtɪk(ə)l,He is interested in political news.,他对政治新闻感兴趣。
C13,port,n. 港口,pɔːt,The ship arrived at the port at noon.,船在中午到达了港口。
C13,slave,n. 奴隶；,sleɪv,The slave worked in the fields every day.,这个奴隶每天在田地里劳作。
C13,slavery,n. 奴隶制；奴隶身份,ˈsleɪvəri,He learned about slavery in history class.,他在历史课上学到了奴隶制。
C13,taxation,n. 征税；税款；,tækˈseɪʃ(ə)n,The government introduced new taxation on sugar.,政府对糖征收了新的税。
C13,sugar,n. 糖；食糖；,ˈʃʊɡə(r),He put sugar in his tea.,他把糖放进茶里。
C13,tea,n. 茶；茶叶；茶水；,tiː,He drinks tea every morning.,他每天早上喝茶。
C13,transportation,n. 运输；运输系统；交通工具；,ˌtrænspɔːˈteɪʃ(ə)n,The city improved its transportation system.,这座城市改善了它的运输系统。
C13,night,n. 夜晚；晚上；,naɪt,The stars are bright at night.,夜晚星星很亮。
C14,industry,n. 行业；产业；工业；,ˈɪndəstri,He works in the tech industry.,他在科技行业工作。
C14,constant,adj. 恒定的；不变的；持续的；,ˈkɒnstənt,The temperature is constant in this room.,这个房间的温度是恒定的。
C14,direction,n. 方向；指导；指示；,dəˈrekʃ(ə)n,He asked for the direction to the station.,他问了去车站的方向。
C14,floor,n. 楼层；地面；地板；,flɔː(r),My room is on the third floor.,我的房间在三楼。
C14,predictable,adj. 可预见的；,prɪˈdɪktəb(ə)l,"The weather was predictable today, just like yesterday.",今天的天气和昨天一样，是可以预见的。
C14,bay,n. 海湾,beɪ,The boat is parked in the bay.,船停在海湾里。
C14,gate,n. 门；大门；,ɡeɪt,He closed the gate before it rained.,下雨前他关上了门。
C14,fuel,"n. 燃料；燃油；
v. 加剧；",ˈfjuːəl,The car needs more fuel to reach the next town.,这辆车需要更多的燃料才能到达下一个城镇。
C14,job,n. 工作,dʒɒb,He got a new job last week.,他上周找到了一份新工作。
C14,migration,n. 迁移；迁徙；转移；,maɪˈɡreɪʃ(ə)n,Birds begin migration in autumn.,鸟类在秋天开始迁徙。
C14,dance,"n. 舞蹈；
v. 跳舞；",dɑːns,She loves watching traditional dance at festivals.,她喜欢在节日里观看传统舞蹈。
C14,survival,n. 生存；存活；,səˈvaɪv(ə)l,The survival of the animals depends on the weather.,这些动物的生存取决于天气。
C14,cloud,n. 云朵；云层；,klaʊd,The cloud floats high in the sky.,云朵在天空中飘浮。
C14,festival,n. 节日,ˈfestɪv(ə)l,The town holds a music festival every summer.,这个小镇每年夏天都举办音乐节。
C14,comets,n.彗星,ˈkəʊmɪts,Comets fly through space and have long tails.,彗星在太空中飞行，有长长的尾巴。
C14,sky,n. 天空,skaɪ,The sky is blue today.,今天天空是蓝色的。
C14,instrument,n. 工具；仪器；乐器；,ˈɪnstrəmənt,A hammer is a useful instrument for building.,锤子是建造时有用的工具。
C14,thermometer,n. 温度计；体温表；,θəˈmɒmɪtə(r),He checked the thermometer to see the temperature.,他看了温度计来查看温度。
C14,storm,n. 暴风雨；雷暴雨；,stɔːm,The storm broke out at night.,暴风雨在夜间爆发了。
C14,telegraph,n. 电报；电报机；,ˈtelɪɡrɑːf,He sent a telegraph to his family.,他给家人发了一封电报。
C14,violin,n. 小提琴,ˌvaɪəˈlɪn,He plays the violin every evening.,他每天晚上拉小提琴。
C14,energy,n. 能源；能量；精力；,ˈenədʒi,China uses a lot of energy from coal.,中国使用大量煤炭能源。
C14,complex,"adj. 复杂的；
n. 综合楼（群）；",ˈkɒmpleks,The instructions are too complex for children.,这些说明对孩子来说太复杂了。
C14,opera,n. 歌剧,ˈɒpərə,He loves to watch opera on weekends.,他喜欢在周末看歌剧。
C14,disturbing,adj. 引起烦恼的；令人不安的； v. 打扰；妨碍；“disturb”的现在分词；,dɪˈstɜːbɪŋ,The movie showed a disturbing scene of violence.,这部电影展示了一个引起烦恼的暴力场景。
C14,clarinet,n. 单簧管；黑管；,ˌklærəˈnet,He plays the clarinet in the school band.,他在学校乐队里吹单簧管。
C14,diversity,n. 多样性；多样化；,daɪˈvɜːsəti,The school values diversity in its students.,学校重视学生的多样性。
C14,physics,n. 物理学,ˈfɪzɪks,He likes to study physics in school.,他喜欢在学校学习物理。
C14,Olympics,n. 奥林匹克运动会,əˈlɪmpɪks,He watches the olympics every four years.,他每四年观看奥运会。
C14,spring,"n. 春天；弹簧；泉；
v. 突然猛烈地移动；跳；",sprɪŋ,Flowers bloom in spring.,春天花朵盛开。
C14,tool,n. 工具；刀具；器具；,tuːl,A hammer is a useful tool for fixing things.,锤子是修理东西的有用工具。
C14,map,n. 地图,mæp,He uses a map to find the way.,他用地图找路。
C14,heavy,adj. 重的；沉重的；,ˈhevi,The box is heavy.,这个盒子很重。
C14,marble,n. 大理石；弹珠；,ˈmɑːb(ə)l,The statue is made of white marble.,这座雕像由白色大理石制成。
C14,light,"n. 光；灯；光线；
adj. 轻的；浅的；少量的；明亮的；
v. 点燃；照亮；",laɪt,The light from the window brightened the room.,窗户透进来的光让房间变亮了。
C14,camera,n. 摄像机；照相机；,ˈkæmrə,He took a photo with his camera.,他用他的摄像机拍了一张照片。
C14,medical,adj. 医疗的；医术的；,ˈmedɪk(ə)l,He works in a medical center.,他在一家医疗中心工作。
C14,eye,"n. 眼睛；
v. 注视；审视；",aɪ,He hurt his eye in the game.,他在比赛中伤了眼睛。
C14,wine,n. 酒；果酒；葡萄酒；,waɪn,He drinks wine with dinner.,他吃饭时喝葡萄酒。
C15,shelter,"n. 避难所；庇护所；
v. 庇护；遮蔽；",ˈʃeltə(r),The refugees found shelter in a small building.,难民们在一个小建筑里找到了避难所。
C15,oil,n. 油；石油；,ɔɪl,She put oil on the pan before cooking.,她在锅里倒了油再做饭。
C15,road,n. 道路；公路；,rəʊd,The road is long and quiet.,这条路又长又安静。
C15,insect,n. 昆虫,ˈɪnsekt,The insect flew over the grass.,那只昆虫飞过了草地。
C15,grass,n. 草；草地；,ɡrɑːs,The children play on the grass after school.,孩子们放学后在草地上玩耍。
C15,water,"n. 水；
v. 给…浇水；给（某地）供水；",ˈwɔːtə(r),She drinks water every morning.,她每天早上喝水。
C15,soil,n. 土壤,sɔɪl,The farmer planted corn in rich soil.,农民在肥沃的土壤里种了玉米。
C15,dry,"adj. 干的；
v. 变干；",draɪ,The cloth is dry after the sun.,这块布在阳光下晒干了。
C15,simple,adj. 简单的；朴素的；,ˈsɪmp(ə)l,This is a simple math problem.,这是一道简单的数学题。
C15,nest,"n. 窝；鸟巢；
v. 筑巢；",nest,The bird built a nest in the tree.,鸟在树上筑了一个窝。
C15,irrigation,n. 灌溉；,ˌɪrɪˈɡeɪʃ(ə)n,Farmers use irrigation to water their crops.,农民使用灌溉来浇灌庄稼。
C15,women,n. 妇女；女人；“woman”的复数；,ˈwɪmɪn,Women work hard in every field.,妇女在各个领域都努力工作。
C15,wire,n. 金属丝；电线；,ˈwaɪə(r),He used a thin wire to fix the broken hook.,他用一根细金属丝固定了坏掉的钩子。
C15,seed,"n. 种子；籽；
v. 播种；",siːd,The farmer planted the seed in the soil.,农夫把种子种在土里。
C15,post,"n. 邮件；职位；邮寄；帖子；柱；
v. 邮寄；张贴；",pəʊst,I checked the post this morning.,我今天早上检查了邮件。
C15,transport,"n. 运输；
v. 运输；",ˈtrænspɔːt,The transport of goods by train is cheap.,用火车运输货物很便宜。
C15,preservation,n. 保存；维持；,ˌprezəˈveɪʃ(ə)n,The museum focuses on the preservation of old books.,博物馆专注于旧书的保存。
C15,fish,"n. 鱼；鱼肉；
v. 钓鱼；捕鱼；",fɪʃ,He caught a big fish in the river.,他在河里钓到了一条大鱼。
C15,bee,n. 蜜蜂,biː,The bee is flying near the flowers.,蜜蜂正在花附近飞舞。
C15,design,"n. 设计；图案；花样；企图；图谋；
v. 设计；计划；谋划；构思；",dɪˈzaɪn,The dress has a beautiful design.,这条裙子有一个美丽的设计。
C15,mud,n. 泥；泥土；,mʌd,The dog ran through the mud.,狗跑过了泥地。
C15,clay,n. 黏土；粘土；,kleɪ,The potter shaped the clay into a bowl.,陶匠把黏土塑造成一个碗。
C15,metal,n. 金属,ˈmet(ə)l,He found a piece of metal in the garden.,他在花园里发现了一块金属。
C15,hair,n. 头发；毛发；,heə(r),She combs her hair every morning.,她每天早上梳头发。
C15,bath,n. 浴室；洗澡；,bɑːθ,The bath is next to the bedroom.,浴室在卧室旁边。
C15,disease,n. 疾病；,dɪˈziːz,The doctor treated his disease with medicine.,医生用药物治疗了他的疾病。
C15,perfume,n. 香水；,ˈpɜːfjuːm,She bought a new perfume for the party.,她为派对买了一瓶新香水。
C15,salt,n. 盐；食盐；,sɔːlt,She added a little salt to the soup.,她在汤里加了一点盐。
C15,science,n. 科学,ˈsaɪəns,He loves science and reads books about it.,他喜欢科学，经常读关于它的书。
C15,tax,"n. 税；税款；
v. 对...征税；",tæks,He pays tax every year.,他每年缴税。
C15,wealth,n. 财富；财产；,welθ,He built his wealth by starting a small business.,他通过创办一家小企业积累了财富。
C15,technology,n. 技术；科技；,tekˈnɒlədʒi,New technology helps farmers grow more food.,新技术帮助农民种植更多的粮食。
C15,power,"n. 力量；电源；权力；强国；
v. 给…提供能量；供以动力；",ˈpaʊə(r),The power of the storm broke the trees.,风暴的力量折断了树木。
C15,textile,n. 纺织品；纺织业；,ˈtekstaɪl,"The store sells many kinds of textile, like cotton and silk.",这家商店出售多种纺织品，比如棉和丝绸。
C15,machine,n. 机器；,məˈʃiːn,The factory uses a big machine to make cars.,工厂用一台大机器制造汽车。
C15,newspaper,n. 报纸,ˈnjuːzpeɪpə(r),He reads the newspaper every morning.,他每天早上读报纸。
C15,local,adj. 本地的；,ˈləʊk(ə)l,He bought fresh vegetables from the local market.,他从本地市场买了新鲜蔬菜。
C15,lighting,n. 照明；灯光； v. “light”的现在分词；,ˈlaɪtɪŋ,The room has good lighting.,这个房间照明很好。
C15,windows,n. 窗户；窗口；电脑窗口；“window”的复数；,ˈwɪndəʊz,The children are looking out of the windows.,孩子们正从窗户往外看。
C15,advertising,n. 广告活动；广告业； v. 做广告；“advertise”的现在分词；,ˈædvətaɪzɪŋ,The company launched a new advertising campaign last month.,这家公司上个月推出了一项新的广告活动。
C16,practical,adj. 实用的；实际的；实践的；,ˈpræktɪk(ə)l,This tool is practical for everyday use.,这个工具日常使用很实用。
C16,publication,n. 出版；出版物；发表；,ˌpʌblɪˈkeɪʃ(ə)n,The publication of his book was delayed.,他的书的出版被推迟了。
C16,choice,n. 选择；抉择；精选品；,tʃɔɪs,He made a choice to study hard.,他选择努力学习。
C16,negative,adj. 负面的；消极的；否定的；,ˈneɡətɪv,The news had a negative effect on the market.,这条新闻对市场产生了负面影响。
C16,plays,n.戏剧,pleɪz,We watched three plays last week.,我们上周看了三部戏剧。
C16,capitalism,n. 资本主义,ˈkæpɪtəlɪzəm,He believes in capitalism and owns a small business.,他相信资本主义，并拥有一家小企业。
C16,depression,n. 抑郁；萧条；,dɪˈpreʃ(ə)n,He felt deep depression after losing his job.,他失业后感到深深的抑郁。
C16,logic,n. 逻辑,ˈlɒdʒɪk,He uses logic to solve the puzzle.,他用逻辑来解决这个谜题。
C16,opportunity,n. 机会；,ˌɒpəˈtjuːnəti,He got an opportunity to work abroad.,他得到了一个去国外工作的机会。
C16,practice,"n. 练习；实践；惯常做法；
v. 从事；练习；",ˈpræktɪs,Daily practice helps you improve your skills.,每天的练习帮助你提高技能。
C16,creativity,n. 创造力；创造；,ˌkriːeɪˈtɪvəti,Children show great creativity when drawing pictures.,孩子们在画画时表现出很强的创造力。
C16,therapy,n. 治疗；疗法；,ˈθerəpi,He is receiving therapy for his back pain.,他正在接受治疗以缓解背痛。
C16,fitness,n. 健康；适宜；,ˈfɪtnəs,Regular exercise improves your fitness.,规律锻炼能改善你的健康。
C16,balance,"n. 平衡；天平；秤；
v. （使）相抵；（使）平衡；",ˈbæləns,She maintains a good balance between work and rest.,她在工作和休息之间保持良好的平衡。
C16,brain,n. 脑；脑力；智力；,breɪn,The brain controls our thoughts and movements.,大脑控制我们的思想和行动。
C16,motivation,n. 动机；动力；,ˌməʊtɪˈveɪʃ(ə)n,His motivation is to help others.,他的动机是帮助他人。
C16,isolation,n. 孤立；隔离；,ˌaɪsəˈleɪʃ(ə)n,He felt isolation after moving to a new city.,他搬到新城市后感到孤立。
C16,calories,n. 卡路里（热量单位）；“calorie”的复数；,ˈkæləriz,This apple has about 95 calories.,这个苹果大约有95卡路里。
C16,obesity,n. 肥胖；肥胖症；,əʊˈbiːsəti,Obesity is a serious health problem in many countries.,肥胖是许多国家的一个严重健康问题。
C16,habit,n. 习惯,ˈhæbɪt,He has a habit of waking up early.,他有早起的习惯。
C16,grandmother,n. 祖母；,ˈɡrænmʌðə(r),My grandmother bakes cookies every Sunday.,我祖母每个星期天都烤饼干。
C16,decade,n. 十年,ˈdekeɪd,He lived in Paris for a decade.,他在巴黎生活了十年。
C16,equipment,n. 设备；装备；,ɪˈkwɪpmənt,The gym has new exercise equipment.,健身房有新的健身设备。
C16,economic,adj. 经济（上）的；,ˌiːkəˈnɒmɪk,The economic situation is getting worse.,经济状况正在恶化。
C16,basic,adj. 基本的；基础的；,ˈbeɪsɪk,This is a basic math skill.,这是一个基本的数学技能。
C16,round,"prep. 在…周围；环绕；
adv. 环绕；附近；
adj. 圆的；十足的；
n. 回合；圆形物；
v. 拐过；使成圆形；",raʊnd,The children sat round the fire.,孩子们围坐在火堆旁。
C16,bone,n. 骨；骨头；,bəʊn,The dog buried a bone in the garden.,狗把一根骨头埋在了花园里。
C16,rough,adj. 粗糙的；粗略的；,rʌf,The wood surface is rough.,木头表面很粗糙。
C16,style,n. 风格；方式；样式；文体；,staɪl,Her dress has a unique style.,她的裙子有一种独特的风格。
C16,sheep,n. 绵羊；小羊；羔羊；,ʃiːp,The sheep graze quietly in the field.,绵羊在田野里安静地吃草。
C16,spice,n. 香料；调味品；,spaɪs,She added cinnamon spice to the cake.,她往蛋糕里加了肉桂香料。
C16,colony,n. 群体；殖民地；聚居地；,ˈkɒləni,A colony of ants moved quickly across the ground.,一群蚂蚁迅速从地上爬过。
C16,settlement,n. 定居点；定居（过程）；协议；,ˈset(ə)lmənt,The small settlement near the river has five houses.,河边的小定居点有五所房子。
C16,fat,"n. 脂肪；
adj. 肥的；",fæt,This food has too much fat.,这种食物含有太多脂肪。
C16,head,"n. 头；脑袋；上端；首脑；
v. 朝…行进；居首位；领导；
adj. 头的；主要的；",hed,He hurt his head when he fell.,他摔倒时伤到了头。
C16,movement,n. 运动；动作；活动；乐章；,ˈmuːvmənt,The movement of the sun changes the shadow.,太阳的运动改变了影子。
C16,smell,"n. 闻；气味；嗅觉；
v. 嗅；闻；散发气味；察觉；",smel,The smell of fresh bread made me hungry.,新鲜面包的香味让我饿了。
C16,rat,n. 老鼠；耗子；,ræt,The cat chased the rat under the table.,猫追着老鼠跑到了桌子底下。
C16,forest,n. 森林,ˈfɒrɪst,He walks in the forest every morning.,他每天早上都在森林里散步。
C17,puzzle,n. 谜；难题；,ˈpʌz(ə)l,He solved the crossword puzzle quickly.,他很快解开了这个填字谜。
C17,logic,n. 逻辑,ˈlɒdʒɪk,He uses logic to solve the puzzle.,他用逻辑来解决这个谜题。
C17,confusion,n. 困惑；混乱；混淆；,kənˈfjuːʒ(ə)n,He felt confusion when the teacher gave a strange question.,当老师提出一个奇怪的问题时，他感到困惑。
C17,meditation,n. 冥想；,ˌmedɪˈteɪʃ(ə)n,He does meditation every morning to relax.,他每天早上冥想以放松。
C17,stone,n. 石头；石块；,stəʊn,The boy picked up a stone from the ground.,男孩从地上捡起一块石头。
C17,coin,"n. 硬币；金属钱币；
v. 创造；",kɔɪn,He found a old coin in his pocket.,他在口袋里发现了一枚旧硬币。
C17,tree,n. 树；树木；,triː,The tree grows near the house.,这棵树长在房子旁边。
C17,breathing,n. 呼吸； v. 呼吸；“breathe”的现在分词；,ˈbriːðɪŋ,Deep breathing helps you relax.,深呼吸有助于你放松。
C17,paper,n. 纸；论文；报纸；试卷；,ˈpeɪpə(r),He wrote his name on the paper.,他在纸上写了名字。
C17,anxiety,n. 忧虑；焦虑；渴望；,æŋˈzaɪəti,He felt anxiety before the exam.,他在考试前感到忧虑。
C17,vocabulary,n. 词汇量；,vəˈkæbjələri,He improved his vocabulary by reading every day.,他通过每天阅读来提高自己的词汇量。
C17,podcast,n. 播客,ˈpɒdkɑːst,He listens to a podcast every morning.,他每天早上听播客。
C17,smartphone,n. 智能手机,ˈsmɑːtfəʊn,He uses a smartphone to call his friend.,他用智能手机给朋友打电话。
C17,bilingual,adj. 两种语言的；用两种语言的；,ˌbaɪˈlɪŋɡwəl,He is a bilingual student who speaks English and Spanish.,他是一个会说英语和西班牙语的双语学生。
C17,playground,n. 游乐场；操场；,ˈpleɪɡraʊnd,The children are playing on the playground.,孩子们在游乐场上玩耍。
C17,picture,"n. 图画；照片；
v. 想象；",ˈpɪktʃə(r),The child drew a picture of a cat.,孩子画了一幅猫的图画。
C17,grammar,n. 语法,ˈɡræmə(r),He is learning English grammar every day.,他每天都在学习英语语法。
C17,identity,n. 身份；特性；,aɪˈdentəti,He showed his identity card to enter the building.,他出示了身份证以进入大楼。
C17,fluent,adj. 流畅的；流利的；,ˈfluːənt,He speaks fluent English.,他讲一口流利的英语。
C17,mud,n. 泥；泥土；,mʌd,The dog ran through the mud.,狗跑过了泥地。
C17,feather,n. 羽毛,ˈfeðə(r),The bird has a soft feather.,这只鸟有一根柔软的羽毛。
C17,shape,"n. 形状；身材；定形；
v. 塑造；",ʃeɪp,The shape of the table is round.,这张桌子的形状是圆形的。
C17,moon,n. 月亮；月球；,muːn,The moon shines brightly in the night sky.,月亮在夜空中明亮地照耀。
C17,neck,n. 颈；脖子；,nek,He hurt his neck while lifting weights.,他在举重时伤了脖子。
C17,evidence,n. 证据；,ˈevɪdəns,The police found evidence at the crime scene.,警察在犯罪现场找到了证据。
C17,destination,n. 目的地；终点；,ˌdestɪˈneɪʃ(ə)n,The train's destination is Beijing.,这列火车的目的地是北京。
C17,ocean,n. 海洋；大海；,ˈəʊʃ(ə)n,The ocean is very big and deep.,海洋非常大且深。
C17,recovery,n. 恢复；复苏；,rɪˈkʌvəri,He needs time for recovery after the surgery.,他手术后需要时间恢复。
C17,atlas,n. 地图册；地图集；,ˈætləs,He looked up the country in an atlas.,他在地图册里查找那个国家。
C17,golden,adj. 金色的；绝好的；,ˈɡəʊldən,The golden sun set behind the hills.,金色的太阳在山后落下。
C17,healthy,adj. 健康的；健壮的；,ˈhelθi,She eats healthy food every day.,她每天吃健康的食物。
C17,climate,n. 气候；（社会）风气；,ˈklaɪmət,The climate in summer is very hot.,夏天的气候非常炎热。
C17,rock,"n. 岩石；摇滚乐；
v. （使）摇动；（使）摇晃；",rɒk,The children climbed on the big rock near the river.,孩子们在河边的大岩石上攀爬。
C17,diameter,n. 直径,daɪˈæmɪtə(r),The diameter of the circle is 10 cm.,这个圆的直径是10厘米。
C17,tube,n. [英]地铁；管子；管状物；电视机；,tjuːb,I take the tube to work every morning.,我每天早上乘地铁去上班。
C17,fire,"n. 火；
v. 射击；开火；",ˈfaɪə(r),The fire burned brightly in the fireplace.,火在壁炉里熊熊燃烧。
C17,steam,n. 蒸汽；,stiːm,The kettle produces steam when the water boils.,水烧开时，水壶会产生蒸汽。
C17,cloudy,adj. 浑浊的；多云的；,ˈklaʊdi,The water in the pond is cloudy.,池塘里的水很浑浊。
C17,liter,n. 公升,ˈliːtə(r),He bought one liter of milk.,他买了一升牛奶。
C18,fence,n. 栅栏；围栏；篱笆；,fens,The dog jumped over the fence.,狗跳过了栅栏。
C18,family,"n. 家庭；家族；
adj. 家庭的；家族的；",ˈfæməli,My family eats dinner together every night.,我家每天晚上一起吃晚饭。
C18,helicopter,n. 直升机,ˈhelɪkɒptə(r),The helicopter flew over the city.,直升机飞过了城市。
C18,stress,"n. 压力；强调；
v. 着重；强调；",stres,He feels stress from too much work.,他因为工作太多而感到压力。
C18,side,n. 旁边；边；面；,saɪd,The cat sat on the side of the bed.,猫坐在床的旁边。
C18,breathing,n. 呼吸； v. 呼吸；“breathe”的现在分词；,ˈbriːðɪŋ,Deep breathing helps you relax.,深呼吸有助于你放松。
C18,feet,n. 脚；英尺；“foot”的复数；,fiːt,My feet hurt after walking all day.,我走了一整天，脚很疼。
C18,employment,n. 就业；雇佣；,ɪmˈplɔɪmənt,He found employment after graduating from university.,他大学毕业后找到了工作。
C18,weapon,n. 武器,ˈwepən,He found a weapon in the old box.,他在旧箱子里发现了一件武器。
C18,tourism,n. 旅游业；观光业；,ˈtʊərɪzm,Tourism brings money to small towns.,旅游业为小镇带来收入。
C18,convenient,adj. 便利的；方便的；,kənˈviːniənt,This store is convenient for buying groceries.,这家商店买杂货很方便。
C18,suit,"v. 适合；相配；
n. 套装；西装；诉讼；",suːt,This color suits her well.,这个颜色很适合她。
C18,tailor,n. 裁缝；,ˈteɪlə(r),The tailor made a new suit for the man.,裁缝为这位男士做了一套新西装。
C18,profession,n. 职业；专业；,prəˈfeʃ(ə)n,His profession is a teacher.,他的职业是教师。
C18,visible,adj. 看得见的；显眼的；,ˈvɪzəb(ə)l,The stars are visible at night.,夜晚可以看到星星。
C18,string,n. 线；弦；,strɪŋ,She tied the box with a thin string.,她用一根细线把盒子绑了起来。
C18,waist,n. 腰,weɪst,He measured his waist with a tape.,他用卷尺测量了自己的腰围。
C18,perfume,n. 香水；,ˈpɜːfjuːm,She bought a new perfume for the party.,她为派对买了一瓶新香水。
C18,image,n. 图像；形象；画面；影像；,ˈɪmɪdʒ,The photo shows a clear image of the mountain.,这张照片展示了山脉的清晰图像。
C18,handbag,n. 手提包,ˈhændbæɡ,She carries a red handbag to work.,她带着一个红色的手提包去上班。
C18,technical,adj. 技术的；专业的；,ˈteknɪk(ə)l,He works in a technical department.,他在一个技术部门工作。
C18,cheap,adj. 便宜的；廉价的；,tʃiːp,This shirt is cheap and nice.,这件衬衫又便宜又好看。
C18,thousand,"num. 一千；
n. 千；千个；",ˈθaʊz(ə)nd,There are a thousand stars in the night sky.,夜空中有一千颗星星。
C18,identification,n. 识别；身份证明；,aɪˌdentɪfɪˈkeɪʃ(ə)n,The police used fingerprint identification to find the suspect.,警察使用指纹识别来找到嫌疑人。
C18,tracking,n. 追踪；跟踪； v. 追踪；跟踪；“track”的现在分词；,ˈtrækɪŋ,The police used tracking to find the stolen car.,警察使用追踪找到了被盗的汽车。
C18,military,"adj. 军事的；军用的；
n. 军队；武装力量；",ˈmɪlətri,The military base is near the border.,军事基地靠近边境。
C18,location,n. 位置；地点；,ləʊˈkeɪʃ(ə)n,The location of the store is near the park.,这家商店的位置在公园附近。
C18,prediction,n. 预测；,prɪˈdɪkʃ(ə)n,The weather prediction says it will rain tomorrow.,天气预测说明天会下雨。
C18,database,n. 数据库；信息库；,ˈdeɪtəbeɪs,The school stores student records in a database.,学校将学生记录存储在数据库中。
C18,trust,"n. 信任；信赖；
v. 信任；信赖；",trʌst,I have trust in my best friend.,我信任我最好的朋友。
C18,plot,"n. 情节；小块用地；
v. 绘图；",plɒt,The plot of the movie was very exciting.,这部电影的情节非常精彩。
C18,poverty,n. 贫困；,ˈpɒvəti,Many children suffer from poverty in poor countries.,许多孩子在贫穷国家遭受贫困。
C18,Europe,n. 欧洲,ˈjʊərəp,He traveled to Europe last summer.,他去年夏天去了欧洲。
C18,poetry,n. 诗歌；诗作；,ˈpəʊətri,He loves reading poetry before bed.,他喜欢在睡前读诗歌。
C18,drawing,n. 图画；绘画；制图； v. 提取；吸引；画；“draw”的现在分词；,ˈdrɔːɪŋ,The child made a drawing of a cat.,孩子画了一幅猫的图画。
C18,furniture,n. 家具,ˈfɜːnɪtʃə(r),The room has new furniture.,这个房间有新家具。
C18,lamp,n. 灯；,læmp,She turned on the lamp to read a book.,她打开灯来读书。
C18,harbor,n. 海港；,ˈhɑːbə(r),The ship docked at the harbor.,船停靠在海港。
C18,children,n. 儿童；小孩；“child”的复数；,ˈtʃɪldrən,The children are playing in the park.,孩子们正在公园里玩耍。
C18,relative,"adj. 相对的；相关联的；
n. 亲戚；",ˈrelətɪv,His success is relative to his hard work.,他的成功是相对于他的努力而言的。
C19,wall,n. 墙壁,wɔːl,He paints the wall blue.,他把墙涂成蓝色。
C19,son,n. 儿子,sʌn,He is a good son to his parents.,他是父母的好儿子。
C19,fuel,"n. 燃料；燃油；
v. 加剧；",ˈfjuːəl,The car needs more fuel to reach the next town.,这辆车需要更多的燃料才能到达下一个城镇。
C19,oxygen,n. 氧气；,ˈɒksɪdʒən,Plants release oxygen into the air.,植物向空气中释放氧气。
C19,rectangular,adj. 矩形的；长方形的；,rekˈtæŋɡjələ(r),The table has a rectangular shape.,这张桌子是矩形的。
C19,lamp,n. 灯；,læmp,She turned on the lamp to read a book.,她打开灯来读书。
C19,family,"n. 家庭；家族；
adj. 家庭的；家族的；",ˈfæməli,My family eats dinner together every night.,我家每天晚上一起吃晚饭。
C19,winter,n. 冬季；冬天；,ˈwɪntə(r),The birds fly south in winter.,冬天时，鸟儿飞向南方。
C19,soil,n. 土壤,sɔɪl,The farmer planted corn in rich soil.,农民在肥沃的土壤里种了玉米。
C19,rain,n. 雨；雨水；,reɪn,The rain fell all night.,雨下了一整夜。
C19,Move,"v. 移动；搬家；
n. 行动；移动；",muːv,He move the chair to the window.,他把椅子移到了窗边。
C19,short,adj. 短的；矮的；,ʃɔːt,He has short hair.,他头发很短。
C19,discs,n. 唱片；磁盘；圆盘；背脊骨间的软骨层；圆盘( disc的名词复数 )；,dɪsk,He collected old discs from the 1980s.,他收藏了20世纪80年代的老唱片。
C19,tube,n. [英]地铁；管子；管状物；电视机；,tjuːb,I take the tube to work every morning.,我每天早上乘地铁去上班。
C19,temperature,n. 温度；气温；体温；,ˈtemprətʃə(r),The temperature today is very high.,今天的温度很高。
C19,protein,n. 蛋白质,ˈprəʊtiːn,He eats eggs for protein.,他吃鸡蛋来获取蛋白质。
C19,space,"n. 空间；太空；空格；
v. 以一定间隔排列；",speɪs,The room has enough space for a bed and a desk.,这个房间有足够的空间放一张床和一张书桌。
C19,seaweed,n. 海藻；海草；,ˈsiːwiːd,The fish swim among the seaweed near the shore.,鱼在岸边的海藻间游动。
C19,endangered,adj. 濒临灭绝的；有灭绝危险的； v. “endanger”的过去式和过去分词；,ɪnˈdeɪndʒəd,The panda is an endangered animal.,熊猫是一种濒临灭绝的动物。
C19,clothing,n. 衣服；服装；,ˈkləʊðɪŋ,He bought new clothing for the winter.,他为冬天买了新衣服。
C19,salt,n. 盐；食盐；,sɔːlt,She added a little salt to the soup.,她在汤里加了一点盐。
C19,toothpaste,n. 牙膏,ˈtuːθpeɪst,He brushes his teeth with toothpaste every morning.,他每天早上用牙膏刷牙。
C19,fertilizer,n. 肥料,ˈfɜːtəlaɪzə(r),He uses fertilizer to help his plants grow.,他用肥料帮助植物生长。
C19,nutrient,n. 营养物；,ˈnjuːtriənt,Vegetables are rich in nutrient.,蔬菜富含营养物。
C19,growth,n. 生长；增长；发展；,ɡrəʊθ,The growth of the plant is slow in winter.,这植物在冬天生长缓慢。
C19,weight,n. 重量；重物；重要性；负担；,weɪt,The weight of the box is 10 kilograms.,这个箱子的重量是10公斤。
C19,acid,"n. 酸；
adj. 酸性的；",ˈæsɪd,The acid in lemon juice tastes sour.,柠檬汁中的酸味道很酸。
C19,society,n. 社会；社交；社团；,səˈsaɪəti,People in society should be kind to each other.,社会中的人们应该彼此友善。
C19,competition,n. 竞争；比赛；,ˌkɒmpəˈtɪʃ(ə)n,There is strong competition between the two companies.,这两家公司之间竞争激烈。
C19,food,n. 食物,fuːd,He eats healthy food every day.,他每天吃健康的食物。
C19,disease,n. 疾病；,dɪˈziːz,The doctor treated his disease with medicine.,医生用药物治疗了他的疾病。
C19,agriculture,n. 农业,ˈæɡrɪkʌltʃə(r),Farmers work hard in agriculture.,农民在农业中辛勤工作。
C19,map,n. 地图,mæp,He uses a map to find the way.,他用地图找路。
C19,cattle,n. 牛；牛（复数名词）；,ˈkæt(ə)l,The farmer feeds his cattle every morning.,农夫每天早上喂他的牛。
C19,speed,"n. 速度；速率；
v. 加速；加快；",spiːd,The car's speed was too high on the wet road.,汽车在湿滑路面上的速度太快了。
C19,monkey,n. 猴子,ˈmʌŋki,The monkey is eating a banana.,猴子正在吃一根香蕉。
C19,fishing,n. 钓鱼；捕鱼； v. 钓鱼；捕鱼；“fish”的现在分词；,ˈfɪʃɪŋ,He likes fishing by the lake every weekend.,他喜欢每周末去湖边钓鱼。
C19,flooding,n. 洪水泛滥； v. 淹没；“flood”的现在分词；,ˈflʌdɪŋ,The heavy rain caused flooding in the city.,大雨导致了城市洪水泛滥。